Map,Team A Rank,Team B Rank,Winning Team,P1 Kills,P1 Deaths,P1 Assists,P1 +/-,P1 KD,P1 DDA,P1 ADR,P1 HS%,P1 KAST%,P2 Kills,P2 Deaths,P2 Assists,P2 +/-,P2 KD,P2 DDA,P2 ADR,P2 HS%,P2 KAST%,P3 Kills,P3 Deaths,P3 Assists,P3 +/-,P3 KD,P3 DDA,P3 ADR,P3 HS%,P3 KAST%,P4 Kills,P4 Deaths,P4 Assists,P4 +/-,P4 KD,P4 DDA,P4 ADR,P4 HS%,P4 KAST%,P5 Kills,P5 Deaths,P5 Assists,P5 +/-,P5 KD,P5 DDA,P5 ADR,P5 HS%,P5 KAST%,P6 Kills,P6 Deaths,P6 Assists,P6 +/-,P6 KD,P6 DDA,P6 ADR,P6 HS%,P6 KAST%,P7 Kills,P7 Deaths,P7 Assists,P7 +/-,P7 KD,P7 DDA,P7 ADR,P7 HS%,P7 KAST%,P8 Kills,P8 Deaths,P8 Assists,P8 +/-,P8 KD,P8 DDA,P8 ADR,P8 HS%,P8 KAST%,P9 Kills,P9 Deaths,P9 Assists,P9 +/-,P9 KD,P9 DDA,P9 ADR,P9 HS%,P9 KAST%,P10 Kills,P10 Deaths,P10 Assists,P10 +/-,P10 KD,P10 DDA,P10 ADR,P10 HS%,P10 KAST%
Ascent,Ascendant I,Immortal I,B,13,14,5,-1,0.9,19,161.6,22,50,12,14,6,-2,0.9,5,151.3,42,56,12,17,1,-5,0.7,-40,137.3,26,67,10,14,6,-4,0.7,-51,88.3,15,61,6,17,1,-11,0.3,-99,61.3,31,44,19,12,4,7,1.6,35,169.2,35,83,17,12,10,5,1.4,70,199.4,25,78,19,8,4,11,2.4,82,175.7,11,78,11,11,6,0,1,-9,110.8,10,67,10,10,8,0,1,-12,111.6,21,83
Breeze,Ascendant III,Ascendant III,B,32,18,4,14,1.8,109,264.3,33,75,14,21,3,-7,0.7,-65,100,10,54,13,17,11,-4,0.8,-35,86,16,75,12,20,2,-8,0.6,-67,99.3,27,58,10,17,6,-7,0.6,-37,83.5,32,58,26,15,3,11,1.7,79,202.9,16,79,20,16,11,4,1.2,21,140.2,25,79,18,16,11,2,1.1,31,150.7,22,88,15,15,5,0,1,12,132.1,13,71,14,19,2,-5,0.7,-47,102.5,19,79
Fracture,Diamond III,Ascendant II,A,25,16,6,9,1.6,65,188.8,24,78,25,13,7,12,1.9,85,188.6,23,83,19,17,6,2,1.1,9,144.6,21,65,13,17,3,-4,0.8,-24,128.9,23,65,12,19,3,-7,0.6,-30,117.4,12,57,21,24,8,-3,0.9,-22,156,20,78,19,17,3,2,1.1,-17,134,33,65,17,17,9,0,1,-6,133.3,23,87,13,17,6,-4,0.8,-27,120.8,22,57,12,19,5,-7,0.6,-33,119.2,28,61
Bind,Immortal I,Ascendant I,B,24,24,4,0,1,11,180.8,35,68,26,18,9,8,1.4,30,162.8,26,79,20,21,4,-1,0.9,2,151.2,13,71,17,19,10,-2,0.9,-34,115.7,18,82,12,21,5,-9,0.6,-49,75.3,15,68,33,20,6,13,1.6,84,219.6,27,75,21,20,10,1,1.1,4,155.5,22,68,21,20,1,1,1.1,14,146.8,38,82,17,19,15,-2,0.9,-19,102.3,27,75,11,20,12,-9,0.6,-44,101.6,12,75
Breeze,Ascendant III,Ascendant I,B,34,16,3,18,2.1,123,236.8,24,71,18,20,7,-2,0.9,5,159.1,18,79,14,20,3,-6,0.7,-29,120.3,37,62,12,20,7,-8,0.6,-30,112.2,19,62,7,19,7,-12,0.4,-74,61.3,16,62,23,16,5,7,1.4,35,167.3,20,79,24,16,6,8,1.5,16,150.8,26,71,17,17,4,0,1,12,149.4,40,75,16,16,8,0,1,-6,123.6,42,75,15,20,4,-5,0.8,-50,104.6,25,75
Bind,Immortal I,Ascendant II,A,23,7,2,16,3.3,97,211.9,23,94,19,11,4,8,1.7,85,218.5,27,81,12,12,8,0,1,-20,120.4,9,81,9,13,7,-4,0.7,-65,108.4,27,81,9,6,7,3,1.5,-20,83.3,14,94,12,15,4,-3,0.8,10,155.9,28,75,12,14,2,-2,0.9,-6,130.9,25,75,10,16,4,-6,0.6,-23,146.5,15,62,8,14,4,-6,0.6,-27,124.5,17,81,7,13,4,-6,0.5,-30,108.7,19,75
Fracture,Diamond III,Ascendant I,B,16,17,3,-1,0.9,-2,151.3,15,60,12,17,5,-5,0.7,-8,135,24,70,14,17,8,-3,0.8,-32,113.4,9,65,10,16,9,-6,0.6,-38,118.2,16,50,7,20,2,-13,0.3,-97,70.8,15,45,24,11,9,13,2.2,100,201,20,85,20,13,4,7,1.5,7,145.1,19,80,17,9,5,8,1.9,58,156.8,17,90,15,14,8,1,1.1,10,135.1,7,70,11,12,5,-1,0.9,2,127.5,19,85
Split,Ascendant II,Ascendant II,B,29,17,2,12,1.7,57,200.1,41,71,21,16,5,5,1.3,32,175.4,38,71,11,19,10,-8,0.6,-23,123.6,23,71,10,17,4,-7,0.6,-73,74.9,36,67,9,22,6,-13,0.4,-73,80.7,10,54,27,14,4,13,1.9,74,201,15,79,26,17,12,9,1.5,83,222.8,28,79,12,15,4,-3,0.8,-1,120.2,22,62,13,17,11,-4,0.8,-32,94,16,75,13,17,4,-4,0.8,-44,96.3,28,54
Icebox,Diamond II,Diamond II,A,19,15,9,4,1.3,38,181.6,11,71,20,12,3,8,1.7,51,171.2,18,71,19,12,5,7,1.6,8,142.6,24,76,10,14,9,-4,0.7,-4,110,16,67,10,15,4,-5,0.7,-51,86.7,11,67,18,16,3,2,1.1,28,173.6,18,71,17,18,2,-1,0.9,-30,131.8,19,67,14,15,6,-1,0.9,18,137.9,29,81,11,14,7,-3,0.8,-26,109,18,62,8,15,4,-7,0.5,-34,96.8,14,52
Breeze,Ascendant II,Ascendant III,B,24,20,2,4,1.2,35,191,37,65,19,14,5,5,1.4,12,120,7,61,15,18,0,-3,0.8,-18,119,38,48,9,16,5,-7,0.6,-19,103.6,10,57,7,21,6,-14,0.3,-63,91.1,21,52,22,14,4,8,1.6,34,166.1,45,78,20,18,2,2,1.1,17,150.4,19,65,21,12,2,9,1.8,28,142.8,37,65,16,14,8,2,1.1,17,131.3,16,61,10,16,8,-6,0.6,-42,87.9,16,70
Ascent,Ascendant II,Immortal I,A,22,12,2,10,1.8,68,180.3,37,77,17,12,8,5,1.4,65,172.1,13,73,20,15,5,5,1.3,24,160.6,23,77,15,15,4,0,1,-18,118.8,16,59,10,18,7,-8,0.6,-45,99,11,59,22,16,5,6,1.4,71,198.7,17,77,21,17,9,4,1.2,20,164.7,20,77,11,16,3,-5,0.7,-52,96.4,18,68,10,18,6,-8,0.6,-58,94.3,39,73,8,17,6,-9,0.5,-75,83.4,21,68
Bind,Ascendant II,Immortal I,B,23,16,4,7,1.4,3,179.1,20,81,18,21,9,-3,0.9,-21,172.1,20,95,16,18,4,-2,0.9,-26,134.3,13,81,9,18,13,-9,0.5,-69,95.3,17,67,7,22,6,-15,0.3,-87,99.7,19,48,26,13,13,13,2,107,226.6,16,86,20,18,9,2,1.1,22,201.2,23,90,18,15,7,3,1.2,10,140.2,36,81,17,12,7,5,1.4,64,169.7,13,76,14,16,4,-2,0.9,-3,142.1,29,62
Split,Ascendant III,Ascendant II,A,16,9,9,7,1.8,70,185.7,25,72,18,14,5,4,1.3,20,190.9,24,83,18,12,3,6,1.5,74,194.1,20,72,15,9,9,6,1.7,12,112.1,21,78,7,6,9,1,1.2,9,65.5,19,89,13,14,2,-1,0.9,-3,139.5,38,56,13,14,2,-1,0.9,-23,108.2,14,50,9,13,0,-4,0.7,-43,105.4,17,50,8,17,5,-9,0.5,-67,122.1,11,72,7,16,2,-9,0.4,-48,88.3,12,50
Haven,Ascendant I,Ascendant II,B,10,14,2,-4,0.7,-21,141.4,18,64,10,13,0,-3,0.8,-24,152.6,25,50,9,14,2,-5,0.6,-40,130.9,19,64,4,14,3,-10,0.3,-99,75.4,26,43,2,14,2,-12,0.1,-123,50.9,21,43,26,7,3,19,3.7,210,336.6,40,93,15,6,6,9,2.5,103,193.8,29,100,13,6,6,7,2.2,79,181.1,17,93,12,8,6,4,1.5,4,116.8,8,86,3,8,6,-5,0.4,-88,30.1,17,79
Split,Immortal I,Ascendant III,A,26,17,5,9,1.5,47,187,14,91,19,19,12,0,1,30,187.2,11,78,22,15,18,7,1.5,47,167.6,30,78,15,17,10,-2,0.9,-23,120.5,25,70,15,9,1,6,1.7,39,113.3,31,48,18,21,6,-3,0.9,-21,157.5,17,70,17,18,10,-1,0.9,6,145.8,23,78,18,21,1,-3,0.9,-21,138.8,45,65,10,18,7,-8,0.6,-25,111,6,61,14,19,4,-5,0.7,-80,81.7,13,52
Icebox,Ascendant II,Ascendant III,B,21,17,1,4,1.2,14,171.8,35,73,17,17,1,0,1,-7,132.2,19,55,15,13,4,2,1.1,24,135.2,33,68,11,17,5,-6,0.7,-51,104.5,31,64,7,18,5,-11,0.4,-75,77.3,9,55,23,14,8,9,1.6,85,205.6,28,73,18,12,3,6,1.5,49,148.3,19,59,15,17,5,-2,0.9,-11,130.1,35,59,12,15,3,-3,0.8,-33,109.5,22,64,14,13,5,1,1.1,6,123.3,23,68
Breeze,Ascendant II,Ascendant II,B,20,16,8,4,1.2,28,187.3,24,74,14,20,2,-6,0.7,-52,105,22,52,14,15,5,-1,0.9,-18,105.6,13,57,13,19,0,-6,0.7,-28,114.3,39,57,11,17,2,-6,0.7,-39,88.8,28,43,22,13,5,9,1.7,63,183.5,8,78,25,13,2,12,1.9,76,200.2,35,87,15,18,4,-3,0.8,-4,127.4,24,78,15,13,6,2,1.1,22,129,47,74,10,15,5,-5,0.7,-48,69.7,19,74
Bind,Ascendant I,Ascendant I,A,21,16,7,5,1.3,44,197,19,78,23,14,3,9,1.6,24,160.9,26,70,18,13,12,5,1.4,40,140.8,37,74,16,15,5,1,1.1,-1,128,29,87,14,15,5,-1,0.9,-38,99.2,26,70,16,21,7,-5,0.8,-2,162.9,20,65,18,17,9,1,1.1,13,154.1,18,65,16,18,11,-2,0.9,-7,133,19,70,11,19,4,-8,0.6,-42,106,14,48,12,17,2,-5,0.7,-30,100.7,18,61
Ascent,Ascendant II,Ascendant III,A,23,18,2,5,1.3,44,192.3,31,78,21,13,3,8,1.6,32,148.6,17,87,16,18,8,-2,0.9,-5,149.6,19,70,14,18,6,-4,0.8,-29,120.8,13,74,16,16,6,0,1,-19,103.9,10,78,19,19,8,0,1,13,179,20,74,21,18,4,3,1.2,-3,139,33,74,17,17,14,0,1,17,139.4,28,78,13,18,7,-5,0.7,-11,126.2,15,65,13,18,5,-5,0.7,-40,108.5,31,61
Split,Ascendant I,Diamond III,B,23,16,1,7,1.4,27,152.9,16,67,19,20,6,-1,0.9,-11,149.2,17,83,18,16,5,2,1.1,22,158.3,21,75,15,16,10,-1,0.9,13,141.8,21,75,14,18,7,-4,0.8,-7,127.3,30,67,24,16,13,8,1.5,66,190.4,24,79,18,17,4,1,1.1,-21,134.2,22,71,16,17,8,-1,0.9,-18,132.4,28,71,15,21,7,-6,0.7,-31,124.6,14,79,13,18,3,-5,0.7,-39,103.3,27,67
Split,Diamond III,Diamond III,A,23,15,1,8,1.5,57,196.2,14,70,20,12,2,8,1.7,57,180.3,15,70,15,11,2,4,1.4,30,144.3,25,75,11,15,12,-4,0.7,-36,96.6,8,75,10,12,6,-2,0.8,-22,83.1,29,65,15,16,8,-1,0.9,-4,145.1,18,80,14,14,4,0,1,7,131.8,14,65,14,18,2,-4,0.8,-26,124.3,15,65,12,15,5,-3,0.8,-13,129.6,20,55,10,16,8,-6,0.6,-50,82.9,23,65
Haven,Ascendant III,Ascendant III,A,18,11,5,7,1.6,44,174.6,26,74,17,11,6,6,1.6,54,174.5,12,89,16,10,4,6,1.6,47,161.1,30,79,14,13,5,1,1.1,5,135,28,63,14,16,3,-2,0.9,-40,125,41,79,21,16,2,5,1.3,15,184.4,27,68,13,14,3,-1,0.9,7,134.8,20,63,12,16,3,-4,0.8,-8,127.7,26,68,9,16,7,-7,0.6,-34,120.7,24,68,6,17,5,-11,0.3,-90,93.2,21,37
Fracture,Ascendant III,Ascendant III,B,30,18,7,12,1.7,41,173.6,25,73,20,22,9,-2,0.9,1,156.2,13,62,17,23,7,-6,0.7,-46,123.5,22,73,14,18,22,-4,0.8,0,135,21,81,13,23,8,-10,0.6,-70,100.6,9,65,29,17,4,12,1.7,68,206.5,24,85,24,20,13,4,1.2,74,206.3,24,85,19,22,7,-3,0.9,-23,144.6,33,77,19,17,7,2,1.1,-11,113.7,31,73,13,18,13,-5,0.7,-33,91.8,9,73
Breeze,Ascendant II,Diamond III,B,24,15,3,9,1.6,50,174.1,31,71,21,15,2,6,1.4,46,163,24,71,17,19,7,-2,0.9,22,152.7,26,71,10,16,9,-6,0.6,-22,91.9,27,67,8,20,4,-12,0.4,-68,81.8,19,58,31,17,2,14,1.8,51,199.5,26,71,19,17,4,2,1.1,12,142.1,22,62,16,13,7,3,1.2,1,118.6,34,71,11,16,4,-5,0.7,-49,93.5,24,62,8,17,2,-9,0.5,-44,81.1,35,54
Haven,Diamond III,Ascendant II,B,24,16,1,8,1.5,84,223.1,43,71,18,14,3,4,1.3,-15,124.4,25,71,10,14,10,-4,0.7,-29,99.2,10,71,11,17,1,-6,0.7,-40,109.9,50,57,9,16,3,-7,0.6,-61,85.6,27,62,20,12,5,8,1.7,43,163.6,27,62,17,15,5,2,1.1,33,162.3,29,76,15,13,5,2,1.1,18,144.9,37,62,16,15,6,1,1.1,14,141,23,76,9,18,4,-9,0.5,-47,91.2,12,38
Icebox,Diamond III,Ascendant II,A,26,19,5,7,1.4,7,187.1,40,70,20,19,3,1,1.1,21,160.1,29,65,17,17,14,0,1,6,134.3,26,78,14,17,6,-3,0.8,-45,91.4,5,83,9,13,12,-4,0.7,-33,81.5,14,78,21,17,3,4,1.2,37,163.3,24,78,21,19,4,2,1.1,21,156.5,21,74,19,16,4,3,1.2,13,142.2,23,78,16,17,6,-1,0.9,-2,141.2,17,74,8,17,13,-9,0.5,-26,94.8,8,70
Icebox,Ascendant I,Ascendant I,B,17,14,2,3,1.2,9,166.2,42,62,8,15,6,-7,0.5,-22,137.3,7,62,8,14,1,-6,0.6,-63,102.5,26,56,6,15,2,-9,0.4,-81,88.3,17,50,6,16,2,-10,0.4,-109,79.5,23,62,22,7,0,15,3.1,118,208.2,21,94,16,8,4,8,2,62,175.3,33,88,14,9,4,5,1.6,66,188.9,47,88,12,11,9,1,1.1,35,149.7,18,81,10,10,7,0,1,-15,117.6,16,75
Breeze,Diamond III,Diamond II,A,17,9,5,8,1.9,60,173.1,32,83,17,10,4,7,1.7,79,186.2,17,89,16,10,0,6,1.6,45,156.7,30,72,13,12,4,1,1.1,23,138.5,31,67,12,11,1,1,1.1,27,138.9,33,72,15,15,3,0,1,-31,147.7,20,67,10,16,2,-6,0.6,-51,119.4,17,44,12,15,3,-3,0.8,-36,116.9,14,56,9,15,2,-6,0.6,-47,105,32,56,6,14,4,-8,0.4,-69,70.4,9,56
Fracture,Ascendant I,Ascendant I,B,22,17,2,5,1.3,7,159.7,14,68,18,21,4,-3,0.9,-24,150.8,19,73,14,17,12,-3,0.8,-14,130.4,13,64,16,19,8,-3,0.8,-34,131.2,17,73,11,18,9,-7,0.6,-47,111.5,15,73,23,17,6,6,1.4,62,207.1,43,86,23,16,8,7,1.4,59,192.1,19,91,21,16,2,5,1.3,49,188,24,77,12,17,5,-5,0.7,-17,120.8,21,73,13,15,4,-2,0.9,-42,87.6,6,73
Ascent,Ascendant II,Ascendant III,A,20,18,11,2,1.1,13,150.4,43,75,21,22,4,-1,0.9,-38,134.3,20,83,15,17,7,-2,0.9,3,134,13,67,14,18,8,-4,0.8,-31,107.1,14,67,12,14,8,-2,0.9,-5,108,23,67,22,16,5,6,1.4,60,178.4,17,62,19,17,5,2,1.1,1,144.3,10,67,20,17,1,3,1.2,17,146,25,71,14,16,9,-2,0.9,10,124.1,12,79,14,16,15,-2,0.9,-29,99.7,11,83
Haven,Ascendant I,Diamond III,B,18,14,4,4,1.3,80,221.1,28,88,16,14,4,2,1.1,11,171.6,39,88,10,14,1,-4,0.7,-32,108.9,22,50,8,15,8,-7,0.5,-64,102.9,27,69,6,16,3,-10,0.4,-92,70.3,14,50,18,10,6,8,1.8,99,212.4,26,88,15,14,6,1,1.1,1,161.6,8,81,16,10,4,6,1.6,5,133.1,24,88,12,14,5,-2,0.9,-17,138.8,16,75,12,10,7,2,1.2,9,126.1,19,88
Haven,Ascendant III,Immortal I,A,18,6,6,12,3,64,160.5,26,87,14,5,8,9,2.8,72,166.5,13,87,15,6,3,9,2.5,83,172.1,30,93,12,8,7,4,1.5,53,165.9,14,100,12,7,7,5,1.7,47,126.1,34,93,10,13,5,-3,0.8,23,172.8,10,67,6,15,2,-9,0.4,-65,85.8,11,40,6,13,1,-7,0.5,-68,71.3,9,40,6,15,1,-9,0.4,-110,72.1,17,47,4,15,5,-11,0.3,-100,69.4,3,53
Icebox,Immortal I,Ascendant III,A,22,15,3,7,1.5,64,199.2,29,67,20,14,4,6,1.4,53,182,22,67,18,14,0,4,1.3,16,129.6,24,81,10,17,7,-7,0.6,-61,99.7,43,57,9,18,1,-9,0.5,-65,86,32,52,22,16,4,6,1.4,22,180.3,16,81,18,15,4,3,1.2,25,166.2,38,86,16,16,4,0,1,1,128.1,17,57,15,16,5,-1,0.9,3,142.8,26,71,7,16,3,-9,0.4,-60,71.5,17,62
Breeze,Diamond II,Diamond II,A,20,18,3,2,1.1,4,175.6,32,68,22,13,6,9,1.7,23,153.1,27,86,18,13,6,5,1.4,28,155.7,30,82,13,19,5,-6,0.7,-13,137.8,28,64,13,19,7,-6,0.7,-28,135.1,18,73,23,15,3,8,1.5,30,185.4,30,91,20,19,4,1,1.1,30,186.4,29,91,18,16,10,2,1.1,32,176.6,18,77,12,17,6,-5,0.7,-33,115,22,73,9,19,6,-10,0.5,-74,80.1,9,64
Fracture,Ascendant III,Diamond III,A,23,11,3,12,2.1,101,215.7,15,75,13,10,5,3,1.3,47,179.3,14,88,16,5,1,11,3.2,52,137.1,21,94,11,9,6,2,1.2,35,139.8,33,88,10,7,12,3,1.4,14,111.4,16,88,15,14,1,1,1.1,-8,138.9,22,75,8,16,4,-8,0.5,-36,131.3,11,69,6,15,5,-9,0.4,-63,105.7,19,56,8,13,0,-5,0.6,-70,73.8,32,38,5,15,4,-10,0.3,-73,83.4,8,50
Breeze,Ascendant I,Ascendant I,B,13,14,4,-1,0.9,16,144.1,26,65,10,13,3,-3,0.8,-16,114.8,20,59,8,14,2,-6,0.6,-58,84.5,17,53,8,13,0,-5,0.6,-49,85.9,25,47,7,13,0,-6,0.5,-45,83.8,25,53,17,9,1,8,1.9,70,172.8,37,82,14,10,3,4,1.4,31,146.4,36,65,14,10,2,4,1.4,27,138.1,11,65,12,9,8,3,1.3,15,115.6,9,71,10,8,5,2,1.2,10,93.1,23,82
Fracture,Ascendant II,Ascendant I,A,18,15,4,3,1.2,40,162.8,17,88,20,18,8,2,1.1,20,142.6,6,79,21,14,6,7,1.5,46,157,28,88,17,19,2,-2,0.9,-19,122.8,21,62,16,16,11,0,1,-4,134,26,83,29,16,7,13,1.8,68,214.5,16,79,15,23,5,-8,0.7,-22,143.8,17,67,15,18,3,-3,0.8,-34,106.5,14,67,10,17,8,-7,0.6,-46,83.4,19,62,13,18,2,-5,0.7,-50,87.3,17,62
Split,Ascendant III,Ascendant I,B,11,15,3,-4,0.7,-39,134.3,19,56,9,17,2,-8,0.5,-75,112.5,19,38,8,13,5,-5,0.6,-64,98.3,14,56,8,14,3,-6,0.6,-63,102.1,19,75,6,15,2,-9,0.4,-94,89.1,29,44,22,9,7,13,2.4,135,259.9,32,81,17,6,10,11,2.8,113,195,34,100,13,10,4,3,1.3,25,156.4,13,81,12,8,11,4,1.5,61,140.9,26,81,10,9,2,1,1.1,0,117.6,42,88
Bind,Diamond III,Ascendant II,B,19,17,7,2,1.1,13,146.1,31,79,19,16,11,3,1.2,-4,132.3,32,83,16,19,10,-3,0.8,3,159.4,14,79,17,16,5,1,1.1,8,131,14,75,16,19,8,-3,0.8,-21,126,17,75,22,17,5,5,1.3,44,189.6,23,75,21,17,2,4,1.2,30,160.9,27,62,16,19,10,-3,0.8,9,151.3,19,83,15,18,9,-3,0.8,-55,104.5,31,67,13,16,9,-3,0.8,-26,91,13,54
Haven,Ascendant II,Ascendant III,A,26,18,4,8,1.4,28,179.9,28,77,21,20,4,1,1.1,18,163.5,17,69,18,20,10,-2,0.9,-7,122.8,14,69,17,23,4,-6,0.7,-18,127.6,15,69,14,16,10,-2,0.9,6,117.5,25,73,28,21,5,7,1.3,35,187.4,31,73,23,21,3,2,1.1,10,167.6,39,65,21,15,6,6,1.4,5,122.5,31,77,12,19,16,-7,0.6,-35,101.8,20,77,12,20,5,-8,0.6,-45,103.3,27,73
Breeze,Ascendant II,Ascendant I,B,23,17,6,6,1.4,42,175.3,31,78,20,20,4,0,1,-13,159.9,33,61,19,17,4,2,1.1,20,152.7,24,74,12,17,7,-5,0.7,-35,103.3,26,70,11,20,6,-9,0.6,-41,103.7,23,74,23,17,4,6,1.4,35,188.9,27,70,20,18,5,2,1.1,22,172.4,33,83,23,12,8,11,1.9,50,149,14,87,17,19,2,-2,0.9,-11,142.1,22,65,8,19,5,-11,0.4,-69,69.7,21,70
Ascent,Ascendant III,Ascendant II,A,26,23,4,3,1.1,-1,171.8,30,71,22,24,4,-2,0.9,-1,161.6,21,75,25,15,9,10,1.7,38,147.3,28,79,19,20,8,-1,0.9,-33,111.4,41,57,7,21,11,-14,0.3,-89,67.2,13,68,25,22,8,3,1.1,26,180.5,23,71,24,20,15,4,1.2,38,160.3,25,89,19,20,6,-1,0.9,11,154.6,13,79,21,19,11,2,1.1,28,147.4,33,68,14,19,2,-5,0.7,-16,102.8,26,64
Fracture,Diamond III,Ascendant II,B,14,13,0,1,1.1,12,167.7,18,60,11,13,3,-2,0.8,-25,124.1,41,73,6,14,5,-8,0.4,-86,97.2,31,67,5,13,2,-8,0.4,-86,81.4,9,40,4,13,1,-9,0.3,-74,65,4,27,18,9,3,9,2,76,212.8,34,73,17,5,6,12,3.4,109,182.1,10,87,13,8,3,5,1.6,61,155.3,24,73,10,8,6,2,1.2,33,154.3,16,87,8,10,7,-2,0.8,-21,89,25,73
Ascent,Ascendant III,Immortal I,B,24,19,5,5,1.3,34,206.6,35,71,19,17,11,2,1.1,28,173,25,75,21,17,5,4,1.2,14,153,13,83,13,18,15,-5,0.7,-26,114.7,18,92,12,18,2,-6,0.7,-37,100.5,16,62,22,19,11,3,1.2,48,206.3,21,71,19,15,12,4,1.3,41,156.7,32,75,16,21,5,-5,0.8,-40,134.3,33,58,17,17,2,0,1,-33,123.9,33,67,14,17,14,-3,0.8,-28,114.1,21,88
Breeze,Ascendant II,Ascendant III,A,29,13,1,16,2.2,69,178,21,77,22,19,6,3,1.2,6,161.5,41,73,20,17,10,3,1.2,12,147.4,30,73,18,19,7,-1,0.9,-5,142.5,19,85,16,18,7,-2,0.9,-11,128,22,73,28,18,5,10,1.6,59,201.7,30,69,21,19,10,2,1.1,59,192.4,19,69,16,22,0,-6,0.7,-49,108.8,19,58,12,23,4,-11,0.5,-56,97.7,29,62,9,23,9,-14,0.4,-85,85.4,5,62
Haven,Immortal I,Immortal I,B,19,18,6,1,1.1,26,177.2,33,68,18,16,4,2,1.1,0,148.8,35,68,18,17,4,1,1.1,-10,156.1,27,73,14,19,3,-5,0.7,-36,120.8,17,55,8,16,5,-8,0.5,-39,91.9,35,73,27,15,4,12,1.8,48,205.5,22,91,19,14,8,5,1.4,56,186,37,73,18,15,3,3,1.2,14,144.3,16,64,13,15,4,-2,0.9,-7,119.1,14,73,9,18,10,-9,0.5,-52,99.3,20,68
Bind,Ascendant III,Immortal I,A,25,24,4,1,1,13,158.2,21,60,23,21,8,2,1.1,29,150.1,33,70,16,20,11,-4,0.8,-4,128.9,14,70,16,24,6,-8,0.7,-53,98,21,60,19,22,5,-3,0.9,-35,104,28,70,25,19,3,6,1.3,30,145,27,77,23,21,8,2,1.1,17,153.7,12,80,25,22,4,3,1.1,-3,140.8,23,77,19,19,5,0,1,2,133.4,30,67,18,18,9,0,1,4,116.1,18,70
Ascent,Immortal II,Ascendant II,A,21,16,13,5,1.3,41,188.2,22,83,18,21,10,-3,0.9,11,165.6,25,83,14,15,10,-1,0.9,-2,122.1,14,70,14,15,1,-1,0.9,-26,89.3,10,65,12,16,3,-4,0.8,-41,95,15,65,22,15,6,7,1.5,61,178.7,23,65,15,16,9,-1,0.9,-13,130.8,17,87,16,17,3,-1,0.9,-17,132.2,26,61,14,17,5,-3,0.8,-13,119.3,18,70,16,14,1,2,1.1,-1,116.6,21,74
Ascent,Ascendant III,Immortal II,B,11,13,1,-2,0.8,-27,139.6,50,71,10,14,3,-4,0.7,-50,132.7,24,64,6,13,6,-7,0.5,-60,103.4,33,57,6,14,1,-8,0.4,-62,101.1,28,57,3,14,3,-11,0.2,-92,61.6,9,36,26,4,4,22,6.5,238,306.7,35,100,15,6,3,9,2.5,80,175.5,26,79,13,9,6,4,1.4,32,158.4,11,100,7,7,8,0,1,-22,91.6,33,79,7,10,4,-3,0.7,-37,96.9,18,79
Icebox,Ascendant III,Immortal I,B,34,23,5,11,1.5,70,232,17,77,20,20,6,0,1,13,155,22,77,16,21,4,-5,0.8,-24,130.6,20,58,14,20,9,-6,0.7,-34,117.6,17,62,18,20,3,-2,0.9,-60,105.2,18,65,30,21,5,9,1.4,51,209.3,26,69,24,21,5,3,1.1,34,193,25,73,27,20,6,7,1.4,40,185.2,22,81,11,21,13,-10,0.5,-49,97.5,24,69,12,19,8,-7,0.6,-41,90.2,26,58
Bind,Immortal II,Ascendant II,A,19,9,5,10,2.1,31,155.3,40,84,17,12,3,5,1.4,52,170.4,19,63,18,13,5,5,1.4,10,145.7,16,84,14,15,3,-1,0.9,-11,128.2,26,63,13,12,7,1,1.1,19,137.5,36,84,16,17,3,-1,0.9,5,153.5,15,74,13,16,5,-3,0.8,-10,131.8,18,68,10,17,8,-7,0.6,-32,125.2,12,89,12,15,10,-3,0.8,-26,128.2,25,79,10,16,2,-6,0.6,-36,98.7,33,53
Haven,Ascendant II,Immortal I,B,13,15,12,-2,0.9,16,166.4,32,84,15,17,0,-2,0.9,-36,119.8,27,84,13,14,6,-1,0.9,-3,126.9,18,74,12,16,6,-4,0.8,-41,116.2,16,58,10,16,5,-6,0.6,-6,122,23,79,18,12,4,6,1.5,70,181.8,20,79,19,14,5,5,1.4,24,166.3,17,89,15,10,7,5,1.5,17,131.8,14,84,13,15,16,-2,0.9,-34,118.7,19,74,13,12,10,1,1.1,-9,122,32,79
Breeze,Ascendant II,Ascendant II,B,22,16,2,6,1.4,52,176.1,36,64,22,17,6,5,1.3,38,179.4,19,77,13,13,9,0,1,21,142.4,20,73,14,15,8,-1,0.9,-9,134.1,22,82,8,20,4,-12,0.4,-68,78.2,43,55,17,17,4,0,1,9,167.2,22,59,18,19,5,-1,0.9,-1,154.1,25,77,18,16,9,2,1.1,6,145.8,39,82,15,13,3,2,1.1,-18,110.2,30,73,13,14,6,-1,0.9,-30,98.8,26,59
Bind,Immortal II,Immortal I,A,21,18,6,3,1.2,46,197.3,31,83,18,19,9,-1,0.9,20,157,14,78,18,14,8,4,1.3,-6,123.4,10,70,15,12,12,3,1.2,21,114.2,25,74,16,18,4,-2,0.9,-54,108.1,17,61,24,16,3,8,1.5,46,177.8,15,70,23,15,2,8,1.5,61,175.5,37,61,18,15,6,3,1.2,23,142,44,87,10,21,4,-11,0.5,-72,100.6,28,57,6,21,7,-15,0.3,-84,77.8,9,57
Breeze,Ascendant III,Immortal I,B,22,16,3,6,1.4,49,198.1,38,71,15,15,8,0,1,4,136.3,22,81,14,17,7,-3,0.8,-30,118.5,30,67,8,18,5,-10,0.4,-51,94,21,71,7,16,5,-9,0.4,-43,92.4,35,67,25,14,3,11,1.8,73,209.5,21,71,19,11,3,8,1.7,50,169.8,19,81,15,10,2,5,1.5,11,103,19,81,12,15,8,-3,0.8,-32,112.8,33,76,11,16,5,-5,0.7,-31,114,25,71
Ascent,Immortal II,Immortal II,B,23,18,7,5,1.3,27,170,25,75,21,15,4,6,1.4,30,153.4,19,83,18,19,5,-1,0.9,-13,133.1,13,62,15,20,9,-5,0.8,-21,128.3,24,67,15,15,1,0,1,-7,120.9,37,88,23,18,12,5,1.3,36,174.5,25,83,21,15,6,6,1.4,30,150.1,17,75,15,22,4,-7,0.7,-32,128.6,20,54,16,16,13,0,1,0,129.8,16,79,12,21,8,-9,0.6,-50,106.8,18,62
Fracture,Ascendant II,Immortal I,B,22,16,3,6,1.4,42,198.8,47,80,15,17,4,-2,0.9,3,151.9,16,80,13,19,5,-6,0.7,-30,130.3,23,65,8,18,11,-10,0.4,-55,97.5,12,75,9,16,7,-7,0.6,-42,80.7,30,70,32,13,6,19,2.5,141,274.8,15,90,22,11,3,11,2,51,158.3,28,75,14,16,9,-2,0.9,-23,132.2,13,80,12,13,17,-1,0.9,-41,94.6,8,85,6,14,14,-8,0.4,-45,81.6,26,65
Icebox,Ascendant III,Ascendant II,B,19,15,1,4,1.3,14,167.2,28,60,16,16,7,0,1,-22,136.8,44,70,12,15,2,-3,0.8,-22,108.8,12,65,9,16,4,-7,0.6,-36,122.6,24,55,8,16,1,-8,0.5,-42,90,17,45,24,12,2,12,2,90,195.8,27,85,19,9,2,10,2.1,74,174.9,35,75,15,15,3,0,1,-1,147.2,30,55,12,15,2,-3,0.8,-10,137.3,23,50,8,13,5,-5,0.6,-45,78,14,80
Haven,Immortal I,Ascendant III,B,23,13,6,10,1.8,27,143.8,9,76,18,19,4,-1,0.9,2,153.8,21,81,11,18,7,-7,0.6,-23,129,15,67,10,20,4,-10,0.5,-47,113.6,10,43,11,18,4,-7,0.6,-33,121,33,57,28,11,6,17,2.5,103,246.5,31,86,23,17,8,6,1.4,59,201.3,24,90,15,17,8,-2,0.9,-20,113.1,17,76,13,14,1,-1,0.9,-12,110.6,48,67,9,14,16,-5,0.6,-57,62.7,22,81
Ascent,Immortal I,Ascendant I,B,27,18,3,9,1.5,73,228.8,27,74,17,18,2,-1,0.9,13,153.7,23,74,13,19,8,-6,0.7,-44,95.9,19,70,11,17,10,-6,0.7,-29,98.9,14,65,12,20,2,-8,0.6,-62,84.2,25,57,27,17,4,10,1.6,54,186.8,13,74,20,13,4,7,1.5,0,133.4,31,74,19,15,5,4,1.3,41,157.1,24,83,17,14,4,3,1.2,22,134.6,24,74,9,21,8,-12,0.4,-68,99,26,65
Icebox,Ascendant III,Ascendant II,B,34,25,8,9,1.4,37,213.7,28,81,29,23,9,6,1.3,12,151.6,24,81,30,21,2,9,1.4,27,151.4,30,78,20,30,3,-10,0.7,-42,122.5,20,59,17,25,10,-8,0.7,-28,129.4,32,62,37,27,7,10,1.4,46,227.4,30,84,29,27,13,2,1.1,19,168.5,18,78,19,28,15,-9,0.7,-35,122.9,23,75,19,21,8,-2,0.9,9,137.2,42,72,20,27,3,-7,0.7,-45,106.4,27,59
Fracture,Immortal II,Immortal II,B,13,14,4,-1,0.9,-26,127.4,23,63,12,16,2,-4,0.8,-39,122.6,26,63,11,15,1,-4,0.7,-54,99.7,23,53,10,17,3,-7,0.6,-63,105.9,32,58,7,15,6,-8,0.5,-43,99.5,15,68,19,10,1,9,1.9,55,169.7,37,79,17,12,5,5,1.4,66,180.6,29,63,15,10,4,5,1.5,51,151.1,21,84,13,10,3,3,1.3,24,132.1,16,79,13,11,5,2,1.2,28,145.9,17,89
Haven,Immortal I,Ascendant I,B,19,18,4,1,1.1,15,162.9,23,70,17,17,5,0,1,-7,152.5,28,65,17,17,1,0,1,-15,123.2,43,61,15,16,4,-1,0.9,-2,121.5,30,65,10,17,8,-7,0.6,-44,95.5,29,70,27,16,3,11,1.7,55,193.8,19,78,17,15,6,2,1.1,42,178.4,20,78,17,14,10,3,1.2,19,137.1,22,70,13,19,7,-6,0.7,-42,102.5,23,70,11,14,1,-3,0.8,-20,98,22,61
Icebox,Immortal I,Ascendant II,A,23,21,5,2,1.1,50,211.5,25,79,23,13,3,10,1.8,45,159,24,83,16,14,9,2,1.1,60,164.9,13,79,17,15,5,2,1.1,36,153.8,41,67,13,20,2,-7,0.7,-48,91.7,32,67,21,18,3,3,1.2,-2,153.7,27,75,18,20,2,-2,0.9,-37,139.6,41,79,15,18,8,-3,0.8,-37,115.5,10,88,14,17,11,-3,0.8,-25,118.5,20,75,15,19,1,-4,0.8,-41,111.1,23,67
Bind,Ascendant I,Diamond II,A,23,8,3,15,2.9,78,200,15,82,20,12,3,8,1.7,92,222.5,28,76,15,8,12,7,1.9,65,170.1,22,94,12,11,8,1,1.1,35,150.9,14,88,5,10,8,-5,0.5,-22,86.1,19,71,14,13,3,1,1.1,-18,130.7,33,47,13,16,4,-3,0.8,-25,149.2,29,59,12,16,4,-4,0.8,-26,145.5,31,76,6,15,6,-9,0.4,-72,94.2,24,41,4,15,9,-11,0.3,-107,61.4,29,53
Fracture,Immortal I,Ascendant III,A,21,17,10,4,1.2,65,220.6,26,95,19,16,6,3,1.2,5,156.4,28,81,19,14,6,5,1.4,20,158.1,8,86,13,16,6,-3,0.8,-43,109,18,86,13,16,1,-3,0.8,-37,112.4,33,76,19,18,6,1,1.1,12,189.9,23,86,19,18,8,1,1.1,16,174.8,23,81,17,19,3,-2,0.9,-31,129.8,34,76,14,17,15,-3,0.8,-1,143.6,19,76,10,13,7,-3,0.8,-6,107.9,14,71
Breeze,Immortal II,Immortal II,B,18,18,7,0,1,28,189.4,24,68,18,19,2,-1,0.9,-12,150.4,17,73,18,15,7,3,1.2,20,143.1,21,73,11,16,8,-5,0.7,-24,114.8,43,68,9,16,5,-7,0.6,-63,76.3,32,64,24,14,1,10,1.7,45,184.7,29,68,19,11,6,8,1.7,69,174.5,24,73,16,15,5,1,1.1,1,143.9,23,86,12,21,4,-9,0.6,-48,118.2,18,73,13,14,7,-1,0.9,-17,103.5,18,68
Fracture,Immortal II,Immortal II,A,26,17,4,9,1.5,37,187.4,19,82,20,19,6,1,1.1,-22,159.6,20,73,17,15,8,2,1.1,44,175,16,86,15,13,4,2,1.1,1,115.6,20,68,10,9,5,1,1.1,-4,78,35,50,20,15,2,5,1.3,21,162.4,11,77,19,15,1,4,1.3,35,158.1,29,68,15,19,4,-4,0.8,-14,133.3,32,64,12,19,9,-7,0.6,-22,121.9,41,64,7,20,8,-13,0.3,-75,84.2,9,59
Bind,Immortal I,Immortal I,A,22,12,4,10,1.8,96,244.7,32,88,16,9,4,7,1.8,44,160.8,17,88,12,9,4,3,1.3,28,140.2,24,81,13,6,8,7,2.2,44,124.4,29,94,7,13,5,-6,0.5,-71,80.8,30,62,15,14,3,1,1.1,18,169.4,15,69,10,13,7,-3,0.8,-11,115,22,88,9,15,4,-6,0.6,-50,116.1,33,62,7,14,3,-7,0.5,-51,113.6,26,69,7,14,2,-7,0.5,-47,95.6,21,56
Ascent,Ascendant I,Ascendant II,A,20,12,6,8,1.7,73,231.3,23,94,16,9,8,7,1.8,71,180.9,27,81,15,7,12,8,2.1,64,152.9,34,88,11,9,3,2,1.2,40,140.9,26,81,11,8,3,3,1.4,27,128.8,21,94,12,16,3,-4,0.8,-46,130.4,36,62,9,15,5,-6,0.6,-61,128.3,23,88,9,15,5,-6,0.6,-44,119.2,10,62,7,14,4,-7,0.5,-76,86.4,23,56,7,13,3,-6,0.5,-47,96.8,19,69
Fracture,Ascendant III,Ascendant III,A,16,5,6,11,3.2,120,239.5,33,85,14,9,3,5,1.6,70,223.5,34,85,13,11,3,2,1.2,13,166,13,77,8,8,0,0,1,-28,96.9,67,69,5,11,2,-6,0.5,-90,75.1,35,54,15,10,3,5,1.5,55,184.5,46,69,8,11,4,-3,0.7,3,158.6,19,62,9,12,1,-3,0.8,-59,128.3,19,69,6,12,3,-6,0.5,-39,136.8,16,54,6,11,2,-5,0.6,-46,106.7,26,77
Haven,Immortal II,Immortal II,B,20,16,3,4,1.2,13,163.3,35,80,15,16,11,-1,0.9,-6,147.9,28,75,12,17,4,-5,0.7,-15,134.3,16,70,12,18,4,-6,0.7,-41,130.7,15,70,10,16,9,-6,0.6,-42,88.7,44,75,22,15,3,7,1.5,55,188,29,95,16,16,10,0,1,-1,158,16,85,18,13,2,5,1.4,43,168.7,40,65,14,15,9,-1,0.9,20,153.1,33,75,13,10,1,3,1.3,-26,88,13,75
Breeze,Immortal II,Immortal II,A,23,9,1,14,2.6,154,287.3,37,93,17,10,2,7,1.7,88,228.1,33,93,16,6,3,10,2.7,82,178.7,26,93,7,10,5,-3,0.7,14,127.4,29,86,5,4,6,1,1.2,25,76,28,93,13,13,1,0,1,-38,137.4,46,79,8,14,4,-6,0.6,-66,123.8,15,64,7,14,2,-7,0.5,-94,87.9,38,64,5,13,3,-8,0.4,-65,101.8,22,57,6,14,1,-8,0.4,-100,83.4,13,43
Ascent,Ascendant II,Ascendant III,B,15,15,1,0,1,34,173.1,22,65,12,14,9,-2,0.9,0,146.9,17,76,10,17,3,-7,0.6,-53,111.7,15,65,7,16,3,-9,0.4,-102,63.1,24,71,3,18,2,-15,0.2,-95,62.7,8,29,20,9,8,11,2.2,89,195.9,18,94,22,8,1,14,2.8,66,173.7,17,88,15,5,7,10,3,72,130.9,17,94,11,14,6,-3,0.8,-7,144.8,23,88,12,11,9,1,1.1,-3,128.2,12,82
Split,Immortal I,Ascendant III,B,25,24,4,1,1,9,165.1,16,68,22,21,3,1,1.1,16,158.9,20,71,21,19,5,2,1.1,-2,140.3,25,68,17,21,8,-4,0.8,-16,128.6,40,64,11,21,6,-10,0.5,-48,86,25,71,35,17,2,18,2.1,65,207.5,20,89,23,19,6,4,1.2,21,138.7,22,71,17,21,11,-4,0.8,-12,126.7,11,79,19,19,4,0,1,-14,127.1,37,75,12,20,8,-8,0.6,-20,119.3,15,61
Bind,Immortal I,Ascendant II,A,23,15,1,8,1.5,41,169.6,23,68,18,21,5,-3,0.9,8,166.6,21,64,16,14,16,2,1.1,-2,131.9,16,77,16,12,8,4,1.3,6,119.5,28,73,10,17,6,-7,0.6,-31,112,12,55,22,19,5,3,1.2,11,171.6,18,82,16,17,11,-1,0.9,16,151.5,38,91,16,15,7,1,1.1,4,141.9,11,64,12,17,3,-5,0.7,-34,105.1,15,73,13,15,4,-2,0.9,-20,106.9,18,55
Bind,Ascendant III,Ascendant III,A,20,15,5,5,1.3,42,186.4,19,77,21,15,3,6,1.4,51,168.1,21,59,16,14,10,2,1.1,-8,116.3,11,73,15,19,3,-4,0.8,-45,115.8,25,50,9,18,7,-9,0.5,-58,91.4,13,64,24,15,5,9,1.6,76,207.1,46,73,20,18,3,2,1.1,-14,140.3,15,73,14,15,6,-1,0.9,18,135.3,27,64,14,15,1,-1,0.9,-19,112.9,29,55,9,18,7,-9,0.5,-45,99.3,16,64
Breeze,Immortal I,Immortal I,B,18,16,5,2,1.1,32,182.3,30,68,14,18,5,-4,0.8,7,156.9,25,77,15,17,4,-2,0.9,-29,130.1,22,68,14,16,5,-2,0.9,2,141.9,21,59,11,15,3,-4,0.7,-23,106,9,68,31,14,4,17,2.2,113,269.6,35,77,18,16,5,2,1.1,-7,137.1,9,73,15,15,4,0,1,-7,142.9,14,82,11,15,6,-4,0.7,-77,86.1,33,64,7,12,5,-5,0.6,-11,92,19,59
Ascent,Ascendant I,Ascendant II,A,20,17,2,3,1.2,3,160.6,26,76,16,13,7,3,1.2,28,160.4,33,76,16,11,4,5,1.4,25,122.5,11,71,15,15,6,0,1,-36,100.3,28,57,12,16,5,-4,0.8,-26,127.5,22,67,20,18,8,2,1.1,50,210.7,8,81,20,15,1,5,1.3,36,154.8,34,71,12,16,13,-4,0.8,-18,119,29,81,13,17,5,-4,0.8,-25,119.9,20,57,7,13,3,-6,0.5,-35,73.4,22,81
Split,Immortal I,Immortal II,B,22,18,5,4,1.2,18,170.5,17,71,18,19,3,-1,0.9,4,157.9,17,62,18,18,3,0,1,4,137.5,18,71,17,18,4,-1,0.9,9,143,38,75,16,15,11,1,1.1,15,142.8,24,79,27,17,6,10,1.6,59,223.3,23,92,23,19,3,4,1.2,10,160.5,17,71,14,18,5,-4,0.8,-40,108.5,17,67,13,17,9,-4,0.8,-30,103,24,71,11,20,4,-9,0.6,-49,106.1,16,50
Bind,Immortal I,Immortal II,A,22,13,11,9,1.7,59,177.9,43,82,19,15,11,4,1.3,11,151.3,26,77,18,15,4,3,1.2,-12,133,15,77,16,16,6,0,1,-8,133.8,17,77,14,15,5,-1,0.9,-7,122.5,19,86,17,18,3,-1,0.9,16,156.6,30,73,16,19,3,-3,0.8,-28,130.8,22,64,16,18,3,-2,0.9,-15,131.1,30,64,14,19,3,-5,0.7,-9,138.4,19,55,11,15,2,-4,0.7,-9,118.1,29,73
Split,Immortal I,Immortal II,A,22,17,2,5,1.3,40,162.6,18,75,17,16,12,1,1.1,23,150.6,29,79,16,14,4,2,1.1,16,120.7,17,71,16,15,2,1,1.1,13,127,19,71,15,17,7,-2,0.9,-4,112.4,30,62,18,21,5,-3,0.9,-8,147.1,18,67,18,16,3,2,1.1,-10,142.5,18,67,16,16,3,0,1,-10,113.4,22,67,15,16,3,-1,0.9,-27,86.6,13,67,12,17,5,-5,0.7,-34,95.1,41,71
Icebox,Ascendant I,Ascendant III,A,22,17,6,5,1.3,14,170.7,27,75,21,16,8,5,1.3,32,168.7,25,79,18,19,5,-1,0.9,-1,157.1,33,71,16,18,5,-2,0.9,-4,140.3,23,79,18,16,5,2,1.1,-3,133.6,22,62,33,20,7,13,1.6,98,267.2,22,92,19,20,4,-1,0.9,2,154.9,34,75,12,17,5,-5,0.7,-26,113.2,10,58,11,17,9,-6,0.7,-28,107.7,22,67,11,21,3,-10,0.5,-86,88.8,32,62
Breeze,Immortal I,Immortal I,A,22,9,2,13,2.4,109,206.2,36,79,20,10,6,10,2,77,201.9,30,84,15,11,3,4,1.4,25,136.3,33,63,14,11,1,3,1.3,30,136.8,29,79,6,12,6,-6,0.5,-38,79.7,36,58,15,16,1,-1,0.9,-16,144.3,16,47,14,14,4,0,1,3,135.3,35,74,10,17,1,-7,0.6,-77,83,33,53,8,15,7,-7,0.5,-62,102.8,27,53,6,15,4,-9,0.4,-51,92.3,17,47
Fracture,Immortal II,Immortal II,A,22,15,4,7,1.5,56,190.8,20,81,20,7,10,13,2.9,65,139.2,20,71,15,14,5,1,1.1,14,147.2,35,57,13,10,8,3,1.3,3,100.4,24,67,10,17,5,-7,0.6,-49,93.1,15,52,19,14,2,5,1.4,49,166,27,81,13,16,1,-3,0.8,-30,108.6,8,57,11,16,3,-5,0.7,-3,113.5,16,62,11,17,2,-6,0.7,-40,108.3,11,52,9,18,1,-9,0.5,-63,86.5,21,52
Breeze,Immortal II,Ascendant III,A,20,13,3,7,1.5,11,134.1,17,71,16,18,5,-2,0.9,9,155.2,19,71,17,14,4,3,1.2,11,146.9,23,67,14,11,7,3,1.3,21,117.4,33,86,13,14,6,-1,0.9,-7,120.6,16,67,23,16,4,7,1.4,63,185.7,32,90,17,16,2,1,1.1,-6,145.1,48,57,13,15,4,-2,0.9,3,134.4,17,52,10,16,6,-6,0.6,-42,82,24,57,7,17,4,-10,0.4,-63,81.9,17,57
Icebox,Ascendant III,Immortal I,B,19,16,4,3,1.2,16,180.2,26,70,17,19,2,-2,0.9,-4,163.9,18,65,10,17,9,-7,0.6,-27,123.2,27,70,9,15,9,-6,0.6,-50,98.2,14,65,10,16,1,-6,0.6,-65,83.7,19,60,26,9,0,17,2.9,106,213.9,39,80,18,14,3,4,1.3,9,153.9,22,80,15,15,7,0,1,26,170.4,15,70,15,10,3,5,1.5,32,135.7,17,85,9,17,5,-8,0.5,-43,105.3,27,65
Split,Ascendant III,Immortal I,B,21,14,10,7,1.5,72,208.9,17,82,19,16,6,3,1.2,10,144.6,21,77,14,20,4,-6,0.7,-52,134.6,21,77,14,17,3,-3,0.8,-21,116.2,20,64,8,18,5,-10,0.4,-63,87.4,8,55,19,14,6,5,1.4,47,174.2,26,82,18,18,7,0,1,3,156.9,16,77,17,17,11,0,1,12,160.1,16,91,18,12,11,6,1.5,30,140.4,15,86,13,15,15,-2,0.9,-37,115,5,82
Bind,Immortal I,Ascendant III,B,17,20,1,-3,0.8,-21,130.5,16,54,22,16,10,6,1.4,8,152.6,30,75,15,16,4,-1,0.9,-6,131,20,58,11,21,10,-10,0.5,-45,112.1,12,67,10,19,10,-9,0.5,-58,87.9,31,67,21,17,5,4,1.2,46,183,20,83,22,15,3,7,1.5,24,147.3,17,71,20,12,5,8,1.7,58,156.1,32,79,17,15,11,2,1.1,12,137.6,33,88,12,17,4,-5,0.7,-18,111.7,21,67
Haven,Immortal I,Immortal I,B,14,17,3,-3,0.8,-24,145.1,27,65,20,16,5,4,1.2,17,178.3,16,70,13,17,3,-4,0.8,-2,151.4,21,55,12,17,3,-5,0.7,-64,93.8,37,50,9,19,6,-10,0.5,-80,90.2,23,45,25,13,2,12,1.9,72,195.6,20,90,19,13,4,6,1.5,50,184.7,33,65,14,13,6,1,1.1,30,156.8,22,75,14,15,7,-1,0.9,6,156.6,25,85,14,14,3,0,1,-6,117.2,21,70
Split,Ascendant III,Ascendant I,B,17,7,3,10,2.4,92,159.9,23,84,14,16,5,-2,0.9,-11,126.5,34,74,10,16,3,-6,0.6,-42,117.8,17,53,10,15,3,-5,0.7,-18,120.9,13,58,6,18,3,-12,0.3,-92,74.8,18,32,30,10,7,20,3,97,232.9,12,89,19,11,5,8,1.7,91,198.1,28,95,9,6,13,3,1.5,15,99.6,13,84,9,8,9,1,1.1,-2,75.6,15,79,2,19,1,-17,0.1,-130,33.3,22,32
Breeze,Ascendant II,Ascendant II,B,23,15,3,8,1.5,68,197.9,31,77,18,16,6,2,1.1,38,176.4,28,73,17,16,5,1,1.1,-21,129.9,12,73,14,17,10,-3,0.8,-18,133.4,15,64,16,16,5,0,1,-34,117.1,22,68,12,21,3,-9,0.6,-48,120.2,40,50,19,16,11,3,1.2,4,161.3,27,77,17,14,4,3,1.2,54,163.5,25,68,16,14,4,2,1.1,2,129.2,28,59,11,18,5,-7,0.6,-45,109.1,35,64
Icebox,Immortal I,Immortal I,A,10,17,3,-7,0.6,-23,134.8,15,59,20,12,5,8,1.7,72,202.9,19,82,18,9,9,9,2,36,160.7,16,94,15,9,3,6,1.7,18,158.9,22,88,12,8,2,4,1.5,17,116.2,7,82,10,12,4,-2,0.8,-24,112.9,32,71,11,16,4,-5,0.7,-2,138.7,19,71,12,15,3,-3,0.8,-34,126.2,20,65,10,13,3,-3,0.8,-23,124.2,17,47,7,15,4,-8,0.5,-37,109,27,65
Split,Immortal I,Ascendant II,A,18,16,3,2,1.1,-16,127.8,21,74,21,15,5,6,1.4,52,189.7,29,78,21,14,7,7,1.5,30,165.6,21,83,21,15,5,6,1.4,12,130.8,35,74,14,15,9,-1,0.9,-25,105.6,23,74,22,19,7,3,1.2,39,183.9,32,70,20,21,1,-1,0.9,17,181.9,19,57,13,16,4,-3,0.8,-2,118.5,30,61,11,19,7,-8,0.6,-45,101.2,10,65,9,20,2,-11,0.5,-62,81.3,18,43
Icebox,Ascendant III,Ascendant I,A,28,17,4,11,1.6,85,226.7,21,73,17,13,5,4,1.3,-6,113.6,27,68,15,13,9,2,1.1,-2,102.5,15,64,10,17,4,-7,0.6,-34,105.1,5,55,9,16,2,-7,0.6,-40,90.8,13,59,22,15,3,7,1.5,27,166.4,23,73,18,17,5,1,1.1,42,172.9,24,73,16,16,6,0,1,12,135.7,39,77,15,16,3,-1,0.9,-11,128.4,39,64,5,15,3,-10,0.3,-71,32.7,17,32
Bind,Immortal II,Immortal II,A,20,16,4,4,1.2,-2,150.9,24,77,20,16,6,4,1.2,37,169.8,19,86,22,16,2,6,1.4,22,163.4,35,68,11,14,11,-3,0.8,-13,105.8,26,73,11,15,7,-4,0.7,-30,96.8,14,77,20,17,8,3,1.2,39,185.1,22,73,16,18,6,-2,0.9,4,153.1,22,82,16,17,3,-1,0.9,-9,129.1,17,68,13,14,5,-1,0.9,4,114,34,68,12,18,6,-6,0.7,-53,91,32,59
Fracture,Immortal II,Ascendant III,B,30,16,4,14,1.9,113,244.9,20,90,21,14,3,7,1.5,25,143.8,22,71,16,19,6,-3,0.8,-29,144.7,19,62,16,17,8,-1,0.9,-8,140.1,30,81,11,20,6,-9,0.6,-57,117.8,12,71,10,17,2,-7,0.6,-53,90.2,39,52,14,16,8,-2,0.9,-21,129.5,12,86,13,15,7,-2,0.9,3,127,24,81,16,11,3,5,1.4,32,129.1,20,86,14,16,3,-2,0.9,-5,128.8,31,76
Haven,Diamond III,Diamond III,A,13,18,3,-5,0.7,-32,118,21,73,26,13,3,13,2,112,217.2,27,86,20,15,6,5,1.3,29,162.4,47,82,14,14,4,0,1,8,136.1,21,68,16,14,7,2,1.1,-24,109.5,26,82,8,16,6,-8,0.5,-77,76.6,15,55,20,17,1,3,1.2,18,157.6,15,59,15,15,3,0,1,18,168.1,33,55,12,15,10,-3,0.8,-8,108.7,17,59,12,19,4,-7,0.6,-47,99.2,34,59
Bind,Immortal I,Ascendant III,B,17,20,1,-3,0.8,-21,130.5,16,54,22,16,10,6,1.4,8,152.6,30,75,15,16,4,-1,0.9,-6,131,20,58,11,21,10,-10,0.5,-45,112.1,12,67,10,19,10,-9,0.5,-58,87.9,31,67,21,17,5,4,1.2,46,183,20,83,22,15,3,7,1.5,24,147.3,17,71,20,12,5,8,1.7,58,156.1,32,79,17,15,11,2,1.1,12,137.6,33,88,12,17,4,-5,0.7,-18,111.7,21,67
Haven,Immortal I,Immortal II,B,14,17,3,-3,0.8,-24,145.1,27,65,20,16,5,4,1.2,17,178.3,16,70,13,17,3,-4,0.8,-2,151.4,21,55,12,17,3,-5,0.7,-64,93.8,37,50,9,19,6,-10,0.5,-80,90.2,23,45,25,13,2,12,1.9,72,195.6,20,90,19,13,4,6,1.5,50,184.7,33,65,14,13,6,1,1.1,30,156.8,22,75,14,15,7,-1,0.9,6,156.6,25,85,14,14,3,0,1,-6,117.2,21,70
Split,Ascendant III,Ascendant I,B,14,16,5,-2,0.9,-11,126.5,34,74,10,16,3,-6,0.6,-42,117.8,17,53,10,15,3,-5,0.7,-18,120.9,13,58,6,18,3,-12,0.3,-92,74.8,18,32,2,19,1,-17,0.1,-130,33.3,22,32,30,10,7,20,3,97,232.9,12,89,19,11,5,8,1.7,91,198.1,28,95,17,7,3,10,2.4,92,159.9,23,84,9,6,13,3,1.5,15,99.6,13,84,9,8,9,1,1.1,-2,75.6,15,79
Breeze,Ascendant II,Ascendant II,B,18,16,6,2,1.1,38,176.4,28,73,17,16,5,1,1.1,-21,129.9,12,73,14,17,10,-3,0.8,-18,133.4,15,64,16,16,5,0,1,-34,117.1,22,68,12,21,3,-9,0.6,-48,120.2,40,50,23,15,3,8,1.5,68,197.9,31,77,19,16,11,3,1.2,4,161.3,27,77,17,14,4,3,1.2,54,163.5,25,68,16,14,4,2,1.1,2,129.2,28,59,11,18,5,-7,0.6,-45,109.1,35,64
Icebox,Immortal I,Immortal I,A,20,12,5,8,1.7,72,202.9,19,82,18,9,9,9,2,36,160.7,16,94,15,9,3,6,1.7,18,158.9,22,88,12,8,2,4,1.5,17,116.2,7,82,10,12,4,-2,0.8,-24,112.9,32,71,11,16,4,-5,0.7,-2,138.7,19,71,12,15,3,-3,0.8,-34,126.2,20,65,10,17,3,-7,0.6,-23,134.8,15,59,10,13,3,-3,0.8,-23,124.2,17,47,7,15,4,-8,0.5,-37,109,27,65
Split,Immortal I,Ascendant II,A,21,15,5,6,1.4,52,189.7,29,78,21,14,7,7,1.5,30,165.6,21,83,21,15,5,6,1.4,12,130.8,35,74,18,16,3,2,1.1,-16,127.8,21,74,14,15,9,-1,0.9,-25,105.6,23,74,22,19,7,3,1.2,39,183.9,32,70,20,21,1,-1,0.9,17,181.9,19,57,13,16,4,-3,0.8,-2,118.5,30,61,11,19,7,-8,0.6,-45,101.2,10,65,9,20,2,-11,0.5,-62,81.3,18,43
Icebox,Ascendant III,Ascendant I,A,28,17,4,11,1.6,85,226.7,21,73,17,13,5,4,1.3,-6,113.6,27,68,15,13,9,2,1.1,-2,102.5,15,64,10,17,4,-7,0.6,-34,105.1,5,55,9,16,2,-7,0.6,-40,90.8,13,59,22,15,3,7,1.5,27,166.4,23,73,18,17,5,1,1.1,42,172.9,24,73,16,16,6,0,1,12,135.7,39,77,15,16,3,-1,0.9,-11,128.4,39,64,5,15,3,-10,0.3,-71,32.7,17,32
Bind,Immortal II,Immortal II,A,20,16,6,4,1.2,37,169.8,19,86,22,16,2,6,1.4,22,163.4,35,68,20,16,4,4,1.2,-2,150.9,24,77,11,14,11,-3,0.8,-13,105.8,26,73,11,15,7,-4,0.7,-30,96.8,14,77,20,17,8,3,1.2,39,185.1,22,73,16,18,6,-2,0.9,4,153.1,22,82,16,17,3,-1,0.9,-9,129.1,17,68,13,14,5,-1,0.9,4,114,34,68,12,18,6,-6,0.7,-53,91,32,59
Fracture,Immortal II,Ascendant III,B,21,14,3,7,1.5,25,143.8,22,71,16,19,6,-3,0.8,-29,144.7,19,62,16,17,8,-1,0.9,-8,140.1,30,81,11,20,6,-9,0.6,-57,117.8,12,71,10,17,2,-7,0.6,-53,90.2,39,52,30,16,4,14,1.9,113,244.9,20,90,14,16,8,-2,0.9,-21,129.5,12,86,13,15,7,-2,0.9,3,127,24,81,16,11,3,5,1.4,32,129.1,20,86,14,16,3,-2,0.9,-5,128.8,31,76
Haven,Diamond III,Diamond III,A,26,13,3,13,2,112,217.2,27,86,20,15,6,5,1.3,29,162.4,47,82,14,14,4,0,1,8,136.1,21,68,16,14,7,2,1.1,-24,109.5,26,82,8,16,6,-8,0.5,-77,76.6,15,55,20,17,1,3,1.2,18,157.6,15,59,15,15,3,0,1,18,168.1,33,55,13,18,3,-5,0.7,-32,118,21,73,12,15,10,-3,0.8,-8,108.7,17,59,12,19,4,-7,0.6,-47,99.2,34,59
Ascent,Ascendant I,Diamond III,A,22,17,2,5,1.3,20,169.3,21,78,20,17,5,3,1.2,49,192.1,21,74,16,18,8,-2,0.9,1,157.5,11,74,19,13,2,6,1.5,18,123.8,36,78,12,11,4,1,1.1,4,93.2,13,83,23,18,3,5,1.3,57,196.6,30,57,19,17,3,2,1.1,9,140.5,36,78,15,19,4,-4,0.8,-9,155.5,33,65,11,16,8,-5,0.7,-60,84.4,17,78,8,19,3,-11,0.4,-89,66.8,24,65
Bind,Ascendant I,Ascendant I,A,19,13,9,6,1.5,22,144.6,24,75,18,15,3,3,1.2,8,146.7,17,85,16,14,7,2,1.1,8,153.9,14,85,17,9,2,8,1.9,45,141.4,32,80,13,11,3,2,1.2,-2,117.3,20,80,13,18,5,-5,0.7,-13,138.8,13,75,14,16,0,-2,0.9,-10,124.8,35,55,11,15,4,-4,0.7,-4,125,13,65,13,18,4,-5,0.7,-15,123.3,33,70,11,16,3,-5,0.7,-40,109.8,20,60
Split,Diamond III,Diamond II,A,29,13,5,16,2.2,110,260.3,33,100,24,11,0,13,2.2,62,182.7,26,79,13,15,4,-2,0.9,-32,121.8,17,53,11,9,5,2,1.2,17,99.8,17,79,8,11,6,-3,0.7,-28,86.3,16,74,15,18,4,-3,0.8,7,158.8,39,58,13,17,4,-4,0.8,-21,132.9,25,63,13,17,1,-4,0.8,-11,139.2,25,58,12,17,3,-5,0.7,-24,116.5,27,63,6,16,1,-10,0.4,-81,74.1,9,42
Split,Ascendant III,Ascendant II,B,24,17,7,7,1.4,64,198.5,15,67,21,19,5,2,1.1,16,157.9,10,88,19,13,10,6,1.5,35,134.8,33,83,17,14,4,3,1.2,8,119.9,20,79,12,14,13,-2,0.9,27,122.2,22,79,22,21,7,1,1.1,22,174.6,18,75,19,15,8,4,1.3,-12,119.3,15,62,13,18,5,-5,0.7,-45,97.7,24,71,11,19,6,-8,0.6,-54,103.8,17,62,12,20,4,-8,0.6,-62,87.6,19,62
Fracture,Diamond III,Diamond I,B,21,17,10,4,1.2,36,196.9,23,86,19,12,6,7,1.6,43,155,23,71,18,13,3,5,1.4,16,146.7,16,71,17,15,7,2,1.1,-8,135.5,17,86,11,11,5,0,1,-20,85.2,16,62,17,18,8,-1,0.9,6,158.5,23,76,14,19,2,-5,0.7,-25,130.7,10,67,14,17,3,-3,0.8,3,139.5,17,76,11,17,3,-6,0.7,-39,111.2,24,48,12,15,4,-3,0.8,-11,112.5,46,52
Split,Diamond II,Diamond III,A,20,15,8,5,1.3,34,174.3,24,80,19,16,6,3,1.2,20,173.3,27,95,14,16,7,-2,0.9,-6,148.6,16,65,14,14,7,0,1,-63,96.7,18,85,11,14,6,-3,0.8,-20,103,20,70,22,16,3,6,1.4,67,230.4,29,80,15,15,8,0,1,31,142.4,23,80,13,16,3,-3,0.8,-19,127.3,15,70,14,17,2,-3,0.8,-29,125.2,44,60,10,14,3,-4,0.7,-16,104.7,17,65
Ascent,Diamond III,Diamond III,A,20,13,2,7,1.5,49,197.1,27,72,21,8,3,13,2.6,76,178.6,21,89,15,9,8,6,1.7,37,158.3,18,89,12,9,9,3,1.3,27,142.9,18,89,12,14,12,-2,0.9,-24,105.9,16,94,14,15,3,-1,0.9,2,157.6,34,56,12,17,4,-5,0.7,-13,140,20,61,11,15,2,-4,0.7,-8,135.8,23,50,10,16,4,-6,0.6,-46,116.7,28,44,6,17,8,-11,0.3,-100,67.7,32,61
Breeze,Ascendant I,Ascendant II,A,19,16,6,3,1.2,37,182,14,83,18,14,1,4,1.3,29,138.1,19,70,18,18,6,0,1,-11,137.7,23,78,18,19,8,-1,0.9,3,147,31,78,16,17,3,-1,0.9,-11,125.7,21,70,24,17,5,7,1.4,40,189.5,24,70,18,18,3,0,1,-17,140.4,26,78,15,18,5,-3,0.8,-21,125.5,29,70,16,16,2,0,1,-9,121.1,13,70,11,20,5,-9,0.6,-42,106,19,52
Icebox,Diamond III,Diamond III,B,23,12,4,11,1.9,102,202.9,22,82,21,11,6,10,1.9,83,197.8,29,91,18,13,6,5,1.4,43,162.9,27,73,16,14,5,2,1.1,5,128.9,41,73,13,19,3,-6,0.7,-36,120,33,68,16,19,3,-3,0.8,-24,153.9,21,64,14,19,5,-5,0.7,-41,139.2,18,55,14,18,3,-4,0.8,-39,122.8,24,68,13,18,7,-5,0.7,-36,119.6,32,73,12,17,1,-5,0.7,-57,80.9,39,50
Breeze,Ascendant I,Ascendant I,B,23,13,3,10,1.8,70,213.7,25,65,18,12,12,6,1.5,64,175.9,28,85,13,14,3,-1,0.9,-13,115.9,24,75,13,10,4,3,1.3,8,107.7,16,75,11,9,1,2,1.2,8,113.5,15,80,15,15,1,0,1,1,142.8,21,60,12,16,1,-4,0.8,-29,113.7,23,50,13,13,3,0,1,5,129.1,35,70,11,16,1,-5,0.7,-37,106.8,34,55,7,18,4,-11,0.4,-78,96.4,20,50